,Subjects,Epoch,Accuracy,Sensitivity,Specificity,Precision,Recall,F1-score,ROC-AUC,time_train(s),time_test(s)
0,1,1,0.78,0.78,-1,0.78,0.78,0.78,-1,12.002429614862194,0.009354304602311458
1,1,2,0.82,0.82,-1,0.82,0.82,0.82,-1,13.977932708949083,0.009048036830790807
2,1,3,0.83,0.83,-1,0.83,0.83,0.83,-1,13.265696326059697,0.00900246615492506
3,1,4,0.82,0.82,-1,0.82,0.82,0.82,-1,14.233154759240279,0.009336240545962937
4,1,5,0.78,0.78,-1,0.79,0.78,0.78,-1,12.54469272022834,0.008953200558607932
5,Logistic Regression,5,0.806,0.806,-1.0,0.808,0.806,0.806,-1.0,12.54469272022834,0.008953200558607932
