,Subjects,Epoch,Accuracy,Sensitivity,Specificity,Precision,Recall,F1-score,ROC-AUC,time_train(s),time_test(s)
0,3,1,0.68,0.68,-1,0.69,0.68,0.68,-1,17.739752859146392,0.009217182028805837
1,3,2,0.73,0.73,-1,0.73,0.73,0.73,-1,16.90899002658989,0.008956074387242552
2,3,3,0.71,0.71,-1,0.7,0.71,0.7,-1,17.574981617777667,0.009137535991612822
3,3,4,0.66,0.66,-1,0.66,0.66,0.66,-1,16.84186852901621,0.009193370322464034
4,3,5,0.67,0.67,-1,0.66,0.67,0.66,-1,17.341376899443276,0.00907266962894937
5,Logistic Regression,5,0.6900000000000001,0.6900000000000001,-1.0,0.6880000000000001,0.6900000000000001,0.6860000000000002,-1.0,17.341376899443276,0.00907266962894937
