,Subjects,Epoch,Accuracy,Sensitivity,Specificity,Precision,Recall,F1-score,ROC-AUC,time_train(s),time_test(s)
0,2,1,0.69,0.69,-1,0.69,0.69,0.69,-1,17.0848452054488,0.009040236443979666
1,2,2,0.68,0.68,-1,0.68,0.68,0.68,-1,16.926278144506796,0.008924051748181228
2,2,3,0.66,0.66,-1,0.66,0.66,0.66,-1,15.920922974473797,0.008840710783260874
3,2,4,0.7,0.7,-1,0.69,0.7,0.69,-1,16.600110354927892,0.008779128795140423
4,2,5,0.7,0.7,-1,0.7,0.7,0.7,-1,17.089571828619228,0.008905577153200284
5,Logistic Regression,5,0.6860000000000002,0.6860000000000002,-1.0,0.6839999999999999,0.6860000000000002,0.6839999999999999,-1.0,17.089571828619228,0.008905577153200284
