,Subjects,Epoch,Accuracy,Sensitivity,Specificity,Precision,Recall,F1-score,ROC-AUC,time_train(s),time_test(s)
0,4,1,0.68,0.68,-1,0.67,0.68,0.67,-1,18.79856407216721,0.008802529955573846
1,4,2,0.62,0.62,-1,0.62,0.62,0.62,-1,18.50630496962549,0.00887765998049872
2,4,3,0.66,0.66,-1,0.67,0.66,0.66,-1,18.149727992342378,0.009078827824851032
3,4,4,0.65,0.65,-1,0.66,0.65,0.65,-1,18.271200113966188,0.008738074138818774
4,4,5,0.63,0.63,-1,0.64,0.63,0.64,-1,18.363675328240788,0.009045573548064567
5,Logistic Regression,5,0.6479999999999999,0.6479999999999999,-1.0,0.652,0.6479999999999999,0.648,-1.0,18.363675328240788,0.009045573548064567
